[
    {
        "id": "1",
        "smallImg": "./images/business/small/small_web.jpg",
        "icon":"./images/business/icon/icon_web.png",
        "title":"前端开发"
    },
    {
        "id": "2",
        "smallImg": "./images/business/small/small_mini.jpg",
        "icon":"./images/business/icon/icon_mini.png",
        "title":"小程序开发"
    },
    {
        "id": "3",
        "smallImg": "./images/business/small/small_ios.png",
        "icon":"./images/business/icon/icon_ios.png",
        "title":"iOS开发"
    }
]