[
    {
        "id": "1",
        "name": "深圳市卡妙思电子科技有限公司",
        "job":"iOS开发工程师",
        "time":"2016.7-2018.3",
        "address":"深圳市南山区桃源街道大学城创客小镇22栋一楼"
    },
    {
        "id": "2",
        "name": "深圳市爱能森科技有限公司",
        "job":"iOS开发工程师",
        "time":"2018.4-2020.5",
        "address":"深圳市南山区高新南一道009号中国科技开发院8楼"
    },
    {
        "id": "3",
        "name": "平安科技（深圳）有限公司",
        "job":"前端开发工程师",
        "time":"2020.6-2021.7",
        "address":"深圳市福田区福田街道益田路5033号平安金融中心23楼"
    },
    {
        "id": "4",
        "name": "中国建筑第八工程局有限公司",
        "job":"前端开发工程师",
        "time":"2021.8-至今",
        "address":"深圳市福田区华富街道皇岗路5001号深业上城T1栋48楼"
    }
] 
      